id,name,state,district,Chamber,image,raised,pacRaised,SmallIndividual
N00000078,Carolyn B Maloney,New York,12,House,https://cdn1.opensecrets.org/congress-members/photos/N00000078.jpg,"1,016,483","46,500","28,934"
N00000153,Richard E Neal,Massachusetts,1,House,https://cdn1.opensecrets.org/congress-members/photos/N00000153.jpg,"2,061,352","351,573","6,345"
N00000179,James P McGovern,Massachusetts,2,House,https://cdn1.opensecrets.org/congress-members/photos/N00000179.jpg,"374,879",0,"85,199"
N00000270,Ed Markey,Massachusetts,null,Senate,https://cdn1.opensecrets.org/congress-members/photos/N00000270.jpg,"5,671,851","598,277","1,046,334"
N00000286,Mitt Romney,Utah,null,Senate,https://cdn1.opensecrets.org/congress-members/photos/N00000286.jpg,"5,566,445","240,211","502,173"
N00000362,Jack Reed,Rhode Island,null,Senate,https://cdn1.opensecrets.org/congress-members/photos/N00000362.jpg,"2,492,212","1,006,075","56,523"
N00000491,Susan M Collins,Maine,null,Senate,https://cdn1.opensecrets.org/congress-members/photos/N00000491.jpg,"8,556,077","1,011,354","816,569"
N00000515,Peter Welch,Vermont,1,House,https://cdn1.opensecrets.org/congress-members/photos/N00000515.jpg,"208,055","10,000","1,242"
N00000575,John B Larson,Connecticut,1,House,https://cdn1.opensecrets.org/congress-members/photos/N00000575.jpg,"519,633","105,500","14,990"
N00000615,Rosa L DeLauro,Connecticut,3,House,https://cdn1.opensecrets.org/congress-members/photos/N00000615.jpg,"497,787","78,050","36,059"
N00000699,Robert Menendez,New Jersey,null,Senate,https://cdn1.opensecrets.org/congress-members/photos/N00000699.jpg,"10,911,998","1,157,412","303,647"
N00000751,Bill Jr Pascrell,New Jersey,9,House,https://cdn1.opensecrets.org/congress-members/photos/N00000751.jpg,"590,399","31,000","6,607"
N00000781,Frank Jr Pallone,New Jersey,6,House,https://cdn1.opensecrets.org/congress-members/photos/N00000781.jpg,"1,427,045","442,206","6,989"
N00000939,Jerrold Nadler,New York,10,House,https://cdn1.opensecrets.org/congress-members/photos/N00000939.jpg,"858,037","27,250","83,023"
N00001003,Eliot L Engel,New York,16,House,https://cdn1.opensecrets.org/congress-members/photos/N00001003.jpg,"564,730","20,000","10,226"
N00001024,Nita M Lowey,New York,17,House,https://cdn1.opensecrets.org/congress-members/photos/N00001024.jpg,"715,978","35,000","13,187"
N00001093,Charles E Schumer,New York,null,Senate,https://cdn1.opensecrets.org/congress-members/photos/N00001093.jpg,"18,643,013","3,478,240","546,092"
N00001102,Nydia M Velazquez,New York,7,House,https://cdn1.opensecrets.org/congress-members/photos/N00001102.jpg,"447,470",683,"17,301"
N00001171,Gregory W Meeks,New York,5,House,https://cdn1.opensecrets.org/congress-members/photos/N00001171.jpg,"638,295","24,307","4,513"
N00001193,Pete King,New York,2,House,https://cdn1.opensecrets.org/congress-members/photos/N00001193.jpg,"451,169",0,"29,717"
N00001373,Mike Doyle,Pennsylvania,18,House,https://cdn1.opensecrets.org/congress-members/photos/N00001373.jpg,"390,393","92,000","2,343"
N00001489,Pat Toomey,Pennsylvania,null,Senate,https://cdn1.opensecrets.org/congress-members/photos/N00001489.jpg,"26,349,469","2,268,740","4,728,655"
N00001692,Eleanor Holmes Norton,District of Columbia,0,Senate,https://cdn1.opensecrets.org/congress-members/photos/N00001692.jpg,"111,906",0,456
N00001758,Chuck Grassley,Iowa,null,Senate,https://cdn1.opensecrets.org/congress-members/photos/N00001758.jpg,"9,640,896","1,512,552","1,230,045"
N00001813,Jose E Serrano,New York,15,House,https://cdn1.opensecrets.org/congress-members/photos/N00001813.jpg,"12,750",0,351
N00001821,Steny H Hoyer,Maryland,5,House,https://cdn1.opensecrets.org/congress-members/photos/N00001821.jpg,"2,043,387","1,684,463","22,383"
N00001955,Ben Cardin,Maryland,null,Senate,https://cdn1.opensecrets.org/congress-members/photos/N00001955.jpg,"4,603,570","657,450","147,525"
N00002097,Mark Warner,Virginia,null,Senate,https://cdn1.opensecrets.org/congress-members/photos/N00002097.jpg,"9,123,507","2,716,192","615,945"
N00002147,Bobby Scott,Virginia,3,House,https://cdn1.opensecrets.org/congress-members/photos/N00002147.jpg,"302,770","35,000","12,420"
N00002221,Richard Burr,North Carolina,null,Senate,https://cdn1.opensecrets.org/congress-members/photos/N00002221.jpg,"12,585,225","1,704,955","512,120"
N00002260,David Price,North Carolina,4,House,https://cdn1.opensecrets.org/congress-members/photos/N00002260.jpg,"324,439",0,"24,660"
N00002408,James E Clyburn,South Carolina,6,House,https://cdn1.opensecrets.org/congress-members/photos/N00002408.jpg,"1,273,782","540,988","20,526"
N00002577,John Lewis,Georgia,5,House,https://cdn1.opensecrets.org/congress-members/photos/N00002577.jpg,"1,409,249","7,500","785,342"
N00002674,Sanford Bishop,Georgia,2,House,https://cdn1.opensecrets.org/congress-members/photos/N00002674.jpg,"519,384","15,000","3,761"
N00002884,Alcee L Hastings,Florida,20,House,https://cdn1.opensecrets.org/congress-members/photos/N00002884.jpg,"124,330",0,995
N00002893,Lois J Frankel,Florida,21,House,https://cdn1.opensecrets.org/congress-members/photos/N00002893.jpg,"431,271","12,700","15,808"
N00002942,Charlie Crist,Florida,13,House,https://cdn1.opensecrets.org/congress-members/photos/N00002942.jpg,"1,186,868","118,000","38,055"
N00003028,Robert B Aderholt,Alabama,4,House,https://cdn1.opensecrets.org/congress-members/photos/N00003028.jpg,"495,532","34,000","14,408"
N00003105,Marsha Blackburn,Tennessee,null,Senate,https://cdn1.opensecrets.org/congress-members/photos/N00003105.jpg,"15,217,438","661,655","1,576,759"
N00003132,Jim Cooper,Tennessee,5,House,https://cdn1.opensecrets.org/congress-members/photos/N00003132.jpg,"362,749",0,"17,381"
N00003225,Steve Cohen,Tennessee,9,House,https://cdn1.opensecrets.org/congress-members/photos/N00003225.jpg,"285,657","30,000","2,093"
N00003280,Roger Wicker,Mississippi,,Senate,https://cdn1.opensecrets.org/congress-members/photos/N00003280.jpg,"6,671,460","1,631,746","162,251"
N00003288,Bennie G Thompson,Mississippi,2,House,https://cdn1.opensecrets.org/congress-members/photos/N00003288.jpg,"486,478","61,661","6,544"
N00003389,Mitch McConnell,Kentucky,null,Senate,https://cdn1.opensecrets.org/congress-members/photos/N00003389.jpg,"12,817,474","4,198,161","1,559,897"
N00003473,Hal Rogers,Kentucky,5,House,https://cdn1.opensecrets.org/congress-members/photos/N00003473.jpg,"206,390","133,542",100
N00003522,Marcy Kaptur,Ohio,9,House,https://cdn1.opensecrets.org/congress-members/photos/N00003522.jpg,"369,623","20,000","4,473"
N00003535,Sherrod Brown,Ohio,null,Senate,https://cdn1.opensecrets.org/congress-members/photos/N00003535.jpg,"26,955,325","3,529,118","6,719,878"
N00003682,Rob Portman,Ohio,null,Senate,https://cdn1.opensecrets.org/congress-members/photos/N00003682.jpg,"23,431,502","2,863,636","1,133,883"
N00003689,Steve Chabot,Ohio,1,House,https://cdn1.opensecrets.org/congress-members/photos/N00003689.jpg,"923,258","22,500","43,050"
N00003813,Pete Visclosky,Indiana,1,House,https://cdn1.opensecrets.org/congress-members/photos/N00003813.jpg,"544,096","77,500","11,817"
N00004118,Debbie Stabenow,Michigan,null,Senate,https://cdn1.opensecrets.org/congress-members/photos/N00004118.jpg,"17,219,047","1,974,148","3,048,249"
N00004291,Jim Sensenbrenner,Wisconsin,5,House,https://cdn1.opensecrets.org/congress-members/photos/N00004291.jpg,"62,640",0,118
N00004367,Tammy Baldwin,Wisconsin,null,Senate,https://cdn1.opensecrets.org/congress-members/photos/N00004367.jpg,"30,797,308","1,026,350","11,085,191"
N00004403,Ron Kind,Wisconsin,3,House,https://cdn1.opensecrets.org/congress-members/photos/N00004403.jpg,"748,105","168,584","44,383"
N00004558,Collin Peterson,Minnesota,7,House,https://cdn1.opensecrets.org/congress-members/photos/N00004558.jpg,"601,242","24,000","28,612"
N00004572,John Thune,South Dakota,null,Senate,https://cdn1.opensecrets.org/congress-members/photos/N00004572.jpg,"9,090,244","3,769,444","599,127"
N00004614,Kevin Cramer,North Dakota,null,Senate,https://cdn1.opensecrets.org/congress-members/photos/N00004614.jpg,"6,084,478","160,500","517,744"
N00004724,Jan Schakowsky,Illinois,9,House,https://cdn1.opensecrets.org/congress-members/photos/N00004724.jpg,"939,304","109,500","193,252"
N00004884,Danny K Davis,Illinois,7,House,https://cdn1.opensecrets.org/congress-members/photos/N00004884.jpg,"141,673",0,"1,724"
N00004887,Bobby L Rush,Illinois,1,House,https://cdn1.opensecrets.org/congress-members/photos/N00004887.jpg,"182,299","5,000",530
N00004961,John Shimkus,Illinois,15,House,https://cdn1.opensecrets.org/congress-members/photos/N00004961.jpg,"528,437","60,500","27,097"
N00004981,Dick Durbin,Illinois,null,Senate,https://cdn1.opensecrets.org/congress-members/photos/N00004981.jpg,"5,801,163","2,260,739","1,242,169"
N00005195,Roy Blunt,Missouri,null,Senate,https://cdn1.opensecrets.org/congress-members/photos/N00005195.jpg,"13,888,352","2,647,262","536,949"
N00005282,Jerry Moran,Kansas,null,Senate,https://cdn1.opensecrets.org/congress-members/photos/N00005282.jpg,"5,615,692","1,629,837","117,531"
N00005285,Pat Roberts,Kansas,null,Senate,https://cdn1.opensecrets.org/congress-members/photos/N00005285.jpg,"934,047","987,695","2,211"
N00005559,Frank D Lucas,Oklahoma,3,House,https://cdn1.opensecrets.org/congress-members/photos/N00005559.jpg,"272,832","18,000","5,249"
N00005582,James M Inhofe,Oklahoma,null,Senate,https://cdn1.opensecrets.org/congress-members/photos/N00005582.jpg,"2,865,847","1,492,594","48,000"
N00005736,Brian Babin,Texas,36,House,https://cdn1.opensecrets.org/congress-members/photos/N00005736.jpg,"520,089","11,000","26,266"
N00005818,Sheila Jackson Lee,Texas,18,House,https://cdn1.opensecrets.org/congress-members/photos/N00005818.jpg,"282,758",250,"2,666"
N00005883,Kevin Brady,Texas,8,House,https://cdn1.opensecrets.org/congress-members/photos/N00005883.jpg,"1,311,869","168,332","2,285"
N00006023,Lloyd Doggett,Texas,35,House,https://cdn1.opensecrets.org/congress-members/photos/N00006023.jpg,"468,374",0,"24,091"
N00006052,Mac Thornberry,Texas,13,House,https://cdn1.opensecrets.org/congress-members/photos/N00006052.jpg,"482,339","102,000","6,345"
N00006134,Diana DeGette,Colorado,1,House,https://cdn1.opensecrets.org/congress-members/photos/N00006134.jpg,"527,658","1,018","41,509"
N00006236,John A Barrasso,Wyoming,null,Senate,https://cdn1.opensecrets.org/congress-members/photos/N00006236.jpg,"6,938,936","2,252,451","138,684"
N00006249,Mike Enzi,Wyoming,null,Senate,https://cdn1.opensecrets.org/congress-members/photos/N00006249.jpg,"385,611","1,263,528",285
N00006263,Mike Simpson,Idaho,2,House,https://cdn1.opensecrets.org/congress-members/photos/N00006263.jpg,"489,925","27,000","7,412"
N00006267,Mike Crapo,Idaho,null,Senate,https://cdn1.opensecrets.org/congress-members/photos/N00006267.jpg,"6,349,114","1,872,086","118,752"
N00006460,David Schweikert,Arizona,6,House,https://cdn1.opensecrets.org/congress-members/photos/N00006460.jpg,"620,998",0,"13,216"
N00006561,Tom Udall,New Mexico,null,Senate,https://cdn1.opensecrets.org/congress-members/photos/N00006561.jpg,"1,669,942","955,533","480,403"
N00006671,Lucille Roybal-Allard,California,40,House,https://cdn1.opensecrets.org/congress-members/photos/N00006671.jpg,"234,869",0,"1,619"
N00006690,Maxine Waters,California,43,House,https://cdn1.opensecrets.org/congress-members/photos/N00006690.jpg,"523,827","20,000","24,131"
N00006701,Mark Takano,California,41,House,https://cdn1.opensecrets.org/congress-members/photos/N00006701.jpg,"477,229","32,500","25,851"
N00006789,Grace Napolitano,California,32,House,https://cdn1.opensecrets.org/congress-members/photos/N00006789.jpg,"216,224",0,836
N00006863,Tom McClintock,California,4,House,https://cdn1.opensecrets.org/congress-members/photos/N00006863.jpg,"712,626","5,000","223,809"
N00006897,Brad Sherman,California,30,House,https://cdn1.opensecrets.org/congress-members/photos/N00006897.jpg,"391,320","5,000","5,650"
N00007021,Juan Vargas,California,51,House,https://cdn1.opensecrets.org/congress-members/photos/N00007021.jpg,"245,157",0,"1,124"
N00007099,Ken Calvert,California,42,House,https://cdn1.opensecrets.org/congress-members/photos/N00007099.jpg,"769,166","94,205","17,911"
N00007248,Devin Nunes,California,22,House,https://cdn1.opensecrets.org/congress-members/photos/N00007248.jpg,"5,678,450","158,500","3,102,309"
N00007335,Anna Eshoo,California,18,House,https://cdn1.opensecrets.org/congress-members/photos/N00007335.jpg,"854,320",0,"15,633"
N00007360,Nancy Pelosi,California,12,House,https://cdn1.opensecrets.org/congress-members/photos/N00007360.jpg,"3,717,762","1,710,348","862,888"
N00007364,Dianne Feinstein,California,,Senate,https://cdn1.opensecrets.org/congress-members/photos/N00007364.jpg,"11,704,782","818,525","1,121,711"
N00007419,Mike Thompson,California,5,House,https://cdn1.opensecrets.org/congress-members/photos/N00007419.jpg,"965,011","61,905","65,904"
N00007479,Zoe Lofgren,California,19,House,https://cdn1.opensecrets.org/congress-members/photos/N00007479.jpg,"874,834","80,169","20,139"
N00007635,Amata Coleman Radewagen,American Samoa,0,Senate,https://cdn1.opensecrets.org/congress-members/photos/N00007635.jpg,"16,726",0,475
N00007690,Greg Walden,Oregon,2,House,https://cdn1.opensecrets.org/congress-members/photos/N00007690.jpg,"1,513,419","377,886","28,644"
N00007724,Ron Wyden,Oregon,null,Senate,https://cdn1.opensecrets.org/congress-members/photos/N00007724.jpg,"10,611,454","1,838,764","1,356,754"
N00007727,Earl Blumenauer,Oregon,3,House,https://cdn1.opensecrets.org/congress-members/photos/N00007727.jpg,"680,199","90,450","36,737"
N00007781,Peter DeFazio,Oregon,4,House,https://cdn1.opensecrets.org/congress-members/photos/N00007781.jpg,"905,217","90,003","114,967"
N00007833,Adam Smith,Washington,9,House,https://cdn1.opensecrets.org/congress-members/photos/N00007833.jpg,"584,546","79,600","10,434"
N00007836,Maria Cantwell,Washington,null,Senate,https://cdn1.opensecrets.org/congress-members/photos/N00007836.jpg,"10,680,258",0,"2,770,082"
N00007876,Patty Murray,Washington,null,Senate,https://cdn1.opensecrets.org/congress-members/photos/N00007876.jpg,"12,102,659","1,860,498","2,000,645"
N00007999,Don Young,Alaska,1,House,https://cdn1.opensecrets.org/congress-members/photos/N00007999.jpg,"567,883","10,000","14,015"
N00008046,Barbara Lee,California,13,House,https://cdn1.opensecrets.org/congress-members/photos/N00008046.jpg,"681,817","47,500","125,094"
N00008122,Eddie Bernice Johnson,Texas,30,House,https://cdn1.opensecrets.org/congress-members/photos/N00008122.jpg,"189,422",0,"2,306"
N00008799,Kay Granger,Texas,12,House,https://cdn1.opensecrets.org/congress-members/photos/N00008799.jpg,"1,030,594","112,500","23,781"
N00009585,Adam Schiff,California,28,House,https://cdn1.opensecrets.org/congress-members/photos/N00009585.jpg,"4,377,168","227,507","1,936,181"
N00009604,Susan Davis,California,53,House,https://cdn1.opensecrets.org/congress-members/photos/N00009604.jpg,"103,489",0,"1,265"
N00009660,Steve Scalise,Louisiana,1,House,https://cdn1.opensecrets.org/congress-members/photos/N00009660.jpg,"8,803,523","773,666","3,731,002"
N00009724,Jim Langevin,Rhode Island,2,House,https://cdn1.opensecrets.org/congress-members/photos/N00009724.jpg,"483,663","25,000","14,680"
N00009759,Rick Larsen,Washington,2,House,https://cdn1.opensecrets.org/congress-members/photos/N00009759.jpg,"418,365","7,500","24,942"
N00009771,Shelley Moore Capito,West Virginia,null,Senate,https://cdn1.opensecrets.org/congress-members/photos/N00009771.jpg,"2,962,035","991,729","51,678"
N00009816,Chris Smith,New Jersey,4,House,https://cdn1.opensecrets.org/congress-members/photos/N00009816.jpg,"536,213","6,005","97,443"
N00009888,Lamar Alexander,Tennessee,null,Senate,https://cdn1.opensecrets.org/congress-members/photos/N00009888.jpg,"451,813","2,880,011",650
N00009918,Patrick Leahy,Vermont,null,Senate,https://cdn1.opensecrets.org/congress-members/photos/N00009918.jpg,"4,522,763","1,603,971","89,295"
N00009920,Richard C Shelby,Alabama,null,Senate,https://cdn1.opensecrets.org/congress-members/photos/N00009920.jpg,"3,608,087","3,374,001","10,555"
N00009975,Lindsey Graham,South Carolina,null,Senate,https://cdn1.opensecrets.org/congress-members/photos/N00009975.jpg,"12,171,157","1,521,946","2,673,055"
N00012233,Robert E Latta,Ohio,5,House,https://cdn1.opensecrets.org/congress-members/photos/N00012233.jpg,"522,759","6,000","33,350"
N00012460,William L Jr Clay,Missouri,1,House,https://cdn1.opensecrets.org/congress-members/photos/N00012460.jpg,"381,576","33,500","5,356"
N00012508,Tom Carper,Delaware,null,Senate,https://cdn1.opensecrets.org/congress-members/photos/N00012508.jpg,"4,036,451","1,171,960","136,361"
N00012942,Betty McCollum,Minnesota,4,House,https://cdn1.opensecrets.org/congress-members/photos/N00012942.jpg,"418,515","64,850","24,851"
N00013323,Sam Graves,Missouri,6,House,https://cdn1.opensecrets.org/congress-members/photos/N00013323.jpg,"920,290","48,000","3,673"
N00013817,Chellie Pingree,Maine,1,House,https://cdn1.opensecrets.org/congress-members/photos/N00013817.jpg,"133,646",0,"38,407"
N00013820,Chris Van Hollen,Maryland,null,Senate,https://cdn1.opensecrets.org/congress-members/photos/N00013820.jpg,"13,274,738","722,832","961,806"
N00013855,Stephen F Lynch,Massachusetts,8,House,https://cdn1.opensecrets.org/congress-members/photos/N00013855.jpg,"351,133","5,000","4,460"
N00013873,John Boozman,Arkansas,null,Senate,https://cdn1.opensecrets.org/congress-members/photos/N00013873.jpg,"4,633,279","846,908","132,482"
N00024759,Mike D Rogers,Alabama,3,House,https://cdn1.opensecrets.org/congress-members/photos/N00024759.jpg,"511,423","47,250","3,275"
N00024790,Jeanne Shaheen,New Hampshire,null,Senate,https://cdn1.opensecrets.org/congress-members/photos/N00024790.jpg,"7,237,728","759,603","1,709,419"
N00024809,Joe Wilson,South Carolina,2,House,https://cdn1.opensecrets.org/congress-members/photos/N00024809.jpg,"401,368","9,000","24,617"
N00024817,Doug Jones,Alabama,null,Senate,https://cdn1.opensecrets.org/congress-members/photos/N00024817.jpg,"5,634,016","304,954","915,679"
N00024842,Joe Courtney,Connecticut,2,House,https://cdn1.opensecrets.org/congress-members/photos/N00024842.jpg,"382,166","27,500","36,966"
N00024852,John Cornyn,Texas,null,Senate,https://cdn1.opensecrets.org/congress-members/photos/N00024852.jpg,"13,386,279","4,539,937","1,232,119"
N00024870,Linda Sanchez,California,38,House,https://cdn1.opensecrets.org/congress-members/photos/N00024870.jpg,"380,852","65,750","4,988"
N00024871,David Scott,Georgia,13,House,https://cdn1.opensecrets.org/congress-members/photos/N00024871.jpg,"452,802","22,000",200
N00024978,Henry Cuellar,Texas,28,House,https://cdn1.opensecrets.org/congress-members/photos/N00024978.jpg,"1,097,493","35,300","5,214"
N00025095,John Carter,Texas,31,House,https://cdn1.opensecrets.org/congress-members/photos/N00025095.jpg,"872,705","12,500","33,106"
N00025175,Michael R Turner,Ohio,10,House,https://cdn1.opensecrets.org/congress-members/photos/N00025175.jpg,"641,571","48,330","5,564"
N00025219,Michael Burgess,Texas,26,House,https://cdn1.opensecrets.org/congress-members/photos/N00025219.jpg,"445,668","208,803","6,615"
N00025237,Steven A King,Iowa,4,House,https://cdn1.opensecrets.org/congress-members/photos/N00025237.jpg,"215,347",0,"107,789"
N00025280,Tim Ryan,Ohio,13,House,https://cdn1.opensecrets.org/congress-members/photos/N00025280.jpg,"146,456","283,785","11,598"
N00025284,Raul M Grijalva,Arizona,3,House,https://cdn1.opensecrets.org/congress-members/photos/N00025284.jpg,"306,594","17,800","40,929"
N00025292,Rob Bishop,Utah,1,House,https://cdn1.opensecrets.org/congress-members/photos/N00025292.jpg,77,"17,000",0
N00025337,Mario Diaz-Balart,Florida,25,House,https://cdn1.opensecrets.org/congress-members/photos/N00025337.jpg,"744,971","38,000","1,071"
N00025445,David Kustoff,Tennessee,8,House,https://cdn1.opensecrets.org/congress-members/photos/N00025445.jpg,"783,068","88,715","5,775"
N00025482,Dutch Ruppersberger,Maryland,2,House,https://cdn1.opensecrets.org/congress-members/photos/N00025482.jpg,"434,633","27,500","11,281"
N00025726,Tom Cole,Oklahoma,4,House,https://cdn1.opensecrets.org/congress-members/photos/N00025726.jpg,"686,272","61,500","6,650"
N00025882,Ed Case,Hawaii,1,House,https://cdn1.opensecrets.org/congress-members/photos/N00025882.jpg,"196,518",0,"16,868"
N00026041,Mike Conaway,Texas,11,House,https://cdn1.opensecrets.org/congress-members/photos/N00026041.jpg,"384,073","78,500",0
N00026050,Lisa Murkowski,Alaska,null,Senate,https://cdn1.opensecrets.org/congress-members/photos/N00026050.jpg,"5,687,509","1,282,235","138,191"
N00026106,Debbie Wasserman Schultz,Florida,23,House,https://cdn1.opensecrets.org/congress-members/photos/N00026106.jpg,"695,074","109,932","59,798"
N00026148,Louis B Jr Gohmert,Texas,1,House,https://cdn1.opensecrets.org/congress-members/photos/N00026148.jpg,"257,095",0,"31,414"
N00026166,Virginia Foxx,North Carolina,5,House,https://cdn1.opensecrets.org/congress-members/photos/N00026166.jpg,"784,221","60,000","19,696"
N00026314,Cathy McMorris Rodgers,Washington,5,House,https://cdn1.opensecrets.org/congress-members/photos/N00026314.jpg,"1,285,871","88,916","207,427"
N00026335,Daniel Webster,Florida,11,House,https://cdn1.opensecrets.org/congress-members/photos/N00026335.jpg,"195,831",0,"16,286"
N00026341,Jim Costa,California,16,House,https://cdn1.opensecrets.org/congress-members/photos/N00026341.jpg,"714,026","10,000",870
N00026368,Tim Walberg,Michigan,7,House,https://cdn1.opensecrets.org/congress-members/photos/N00026368.jpg,"994,492","7,500","50,403"
N00026427,Ro Khanna,California,17,House,https://cdn1.opensecrets.org/congress-members/photos/N00026427.jpg,"1,571,807",0,"103,473"
N00026460,Michael McCaul,Texas,10,House,https://cdn1.opensecrets.org/congress-members/photos/N00026460.jpg,"1,209,858","50,668","33,878"
N00026627,Patrick McHenry,North Carolina,10,House,https://cdn1.opensecrets.org/congress-members/photos/N00026627.jpg,"1,161,085","541,207","2,382"
N00026631,Jeff Fortenberry,Nebraska,1,House,https://cdn1.opensecrets.org/congress-members/photos/N00026631.jpg,"316,264","20,000","7,845"
N00026686,Al Green,Texas,9,House,https://cdn1.opensecrets.org/congress-members/photos/N00026686.jpg,"142,205",0,"6,655"
N00026710,Kenny Marchant,Texas,24,House,https://cdn1.opensecrets.org/congress-members/photos/N00026710.jpg,"493,910","9,000",275
N00026790,Emanuel Cleaver,Missouri,5,House,https://cdn1.opensecrets.org/congress-members/photos/N00026790.jpg,"486,968","40,000","15,538"
N00026823,John Kennedy,Louisiana,null,Senate,https://cdn1.opensecrets.org/congress-members/photos/N00026823.jpg,"10,130,455","476,361","248,084"
N00026914,Gwen Moore,Wisconsin,4,House,https://cdn1.opensecrets.org/congress-members/photos/N00026914.jpg,"460,046","77,351","16,155"
N00026926,Jerry McNerney,California,9,House,https://cdn1.opensecrets.org/congress-members/photos/N00026926.jpg,"437,650","13,750","34,501"
N00026961,Yvette D Clarke,New York,9,House,https://cdn1.opensecrets.org/congress-members/photos/N00026961.jpg,"376,607",0,"8,629"
N00027035,G K Butterfield,North Carolina,1,House,https://cdn1.opensecrets.org/congress-members/photos/N00027035.jpg,"266,371","50,500","1,165"
N00027060,Brian M Higgins,New York,26,House,https://cdn1.opensecrets.org/congress-members/photos/N00027060.jpg,"514,107","2,500","27,841"
N00027239,Daniel Lipinski,Illinois,3,House,https://cdn1.opensecrets.org/congress-members/photos/N00027239.jpg,"667,812","11,500","11,005"
N00027459,Doris O Matsui,California,6,House,https://cdn1.opensecrets.org/congress-members/photos/N00027459.jpg,"485,212","28,000","4,163"
N00027462,Gus Bilirakis,Florida,12,House,https://cdn1.opensecrets.org/congress-members/photos/N00027462.jpg,"563,388",0,"32,068"
N00027500,Amy Klobuchar,Minnesota,null,Senate,https://cdn1.opensecrets.org/congress-members/photos/N00027500.jpg,"17,389,551","1,400,517","5,536,458"
N00027503,Bob Casey,Pennsylvania,null,Senate,https://cdn1.opensecrets.org/congress-members/photos/N00027503.jpg,"20,521,165","1,220,664","3,795,166"
N00027509,Scott Tipton,Colorado,3,House,https://cdn1.opensecrets.org/congress-members/photos/N00027509.jpg,"551,648",0,"22,375"
N00027510,Ed Perlmutter,Colorado,7,House,https://cdn1.opensecrets.org/congress-members/photos/N00027510.jpg,"553,980","87,500","38,674"
N00027514,Kathy Castor,Florida,14,House,https://cdn1.opensecrets.org/congress-members/photos/N00027514.jpg,"333,460",9,"19,565"
N00027523,Albio Sires,New Jersey,8,House,https://cdn1.opensecrets.org/congress-members/photos/N00027523.jpg,"284,698",0,"1,544"
N00027533,Sheldon Whitehouse,Rhode Island,null,Senate,https://cdn1.opensecrets.org/congress-members/photos/N00027533.jpg,"6,365,606","1,249,776","204,809"
N00027566,Christopher S Murphy,Connecticut,null,Senate,https://cdn1.opensecrets.org/congress-members/photos/N00027566.jpg,"15,009,433","968,046","4,381,938"
N00027605,Jon Tester,Montana,null,Senate,https://cdn1.opensecrets.org/congress-members/photos/N00027605.jpg,"20,442,574","2,092,801","3,956,539"
N00027623,Adrian Smith,Nebraska,3,House,https://cdn1.opensecrets.org/congress-members/photos/N00027623.jpg,"553,551","10,000","10,031"
N00027626,Vernon Buchanan,Florida,16,House,https://cdn1.opensecrets.org/congress-members/photos/N00027626.jpg,"804,830","112,900","6,691"
N00027658,Kirsten Gillibrand,New York,null,Senate,https://cdn1.opensecrets.org/congress-members/photos/N00027658.jpg,"19,356,430","3,408,955","6,271,532"
N00027709,Van Taylor,Texas,3,House,https://cdn1.opensecrets.org/congress-members/photos/N00027709.jpg,"979,465","5,000","12,787"
N00027741,David Loebsack,Iowa,2,House,https://cdn1.opensecrets.org/congress-members/photos/N00027741.jpg,"106,917","10,000","5,726"
N00027751,John Sarbanes,Maryland,3,House,https://cdn1.opensecrets.org/congress-members/photos/N00027751.jpg,"237,302","73,645","10,485"
N00027783,Ralph Norman,South Carolina,5,House,https://cdn1.opensecrets.org/congress-members/photos/N00027783.jpg,"104,889",0,"14,169"
N00027848,Hank Johnson,Georgia,4,House,https://cdn1.opensecrets.org/congress-members/photos/N00027848.jpg,"183,462","5,000",913
N00027860,Tammy Duckworth,Illinois,null,Senate,https://cdn1.opensecrets.org/congress-members/photos/N00027860.jpg,"19,419,054","707,739","6,647,168"
N00027894,Jim Jordan,Ohio,4,House,https://cdn1.opensecrets.org/congress-members/photos/N00027894.jpg,"2,397,804","16,450","1,333,683"
N00028073,John A Yarmuth,Kentucky,3,House,https://cdn1.opensecrets.org/congress-members/photos/N00028073.jpg,"184,878","2,500","1,156"
N00028122,TJ Cox,California,21,House,https://cdn1.opensecrets.org/congress-members/photos/N00028122.jpg,"923,927",0,"107,739"
N00028133,Douglas L Lamborn,Colorado,5,House,https://cdn1.opensecrets.org/congress-members/photos/N00028133.jpg,"159,075",0,475
N00028138,Brian Schatz,Hawaii,null,Senate,https://cdn1.opensecrets.org/congress-members/photos/N00028138.jpg,"5,385,993","1,136,924","240,677"
N00028139,Mazie K Hirono,Hawaii,null,Senate,https://cdn1.opensecrets.org/congress-members/photos/N00028139.jpg,"4,482,705","621,161","591,137"
N00028152,Kevin McCarthy,California,23,House,https://cdn1.opensecrets.org/congress-members/photos/N00028152.jpg,"5,459,472","2,248,954","849,679"
N00028463,Phil Roe,Tennessee,1,House,https://cdn1.opensecrets.org/congress-members/photos/N00028463.jpg,"139,634","182,500","14,085"
N00029070,Jim Himes,Connecticut,4,House,https://cdn1.opensecrets.org/congress-members/photos/N00029070.jpg,"447,145","120,350","31,996"
N00029139,Bill Foster,Illinois,11,House,https://cdn1.opensecrets.org/congress-members/photos/N00029139.jpg,"744,534","23,700","71,528"
N00029147,Andy Harris,Maryland,1,House,https://cdn1.opensecrets.org/congress-members/photos/N00029147.jpg,"560,808","10,000","91,870"
N00029260,Ann Kirkpatrick,Arizona,2,House,https://cdn1.opensecrets.org/congress-members/photos/N00029260.jpg,"782,760","10,000","122,344"
N00029277,Gary Peters,Michigan,null,Senate,https://cdn1.opensecrets.org/congress-members/photos/N00029277.jpg,"9,091,887","1,449,664","1,508,353"
N00029285,Pete Olson,Texas,22,House,https://cdn1.opensecrets.org/congress-members/photos/N00029285.jpg,"481,948",0,"7,681"
N00029303,Jeff Merkley,Oregon,null,Senate,https://cdn1.opensecrets.org/congress-members/photos/N00029303.jpg,"7,371,116","2,214,776","3,680,250"
N00029404,Lee Zeldin,New York,1,House,https://cdn1.opensecrets.org/congress-members/photos/N00029404.jpg,"1,855,879","52,500","245,159"
N00029416,Dan Meuser,Pennsylvania,9,House,https://cdn1.opensecrets.org/congress-members/photos/N00029416.jpg,"300,663",0,"2,340"
N00029441,James E Risch,Idaho,null,Senate,https://cdn1.opensecrets.org/congress-members/photos/N00029441.jpg,"1,318,281","370,913","30,783"
N00029459,Rob Wittman,Virginia,1,House,https://cdn1.opensecrets.org/congress-members/photos/N00029459.jpg,"587,640","15,300","54,212"
N00029513,Andre Carson,Indiana,7,House,https://cdn1.opensecrets.org/congress-members/photos/N00029513.jpg,"390,483","15,000","6,376"
N00029562,Ben Ray Lujan,New Mexico,3,House,https://cdn1.opensecrets.org/congress-members/photos/N00029562.jpg,"2,606,403","102,500","656,908"
N00029574,Steve Stivers,Ohio,15,House,https://cdn1.opensecrets.org/congress-members/photos/N00029574.jpg,"1,326,276","277,921","7,540"
N00029649,Jackie Speier,California,14,House,https://cdn1.opensecrets.org/congress-members/photos/N00029649.jpg,"401,213","10,030","9,309"
N00029662,Bill Posey,Florida,8,House,https://cdn1.opensecrets.org/congress-members/photos/N00029662.jpg,"298,908",0,"15,952"
N00029675,Brett Guthrie,Kentucky,2,House,https://cdn1.opensecrets.org/congress-members/photos/N00029675.jpg,"753,385","47,013","15,587"
N00029736,Glenn Thompson,Pennsylvania,15,House,https://cdn1.opensecrets.org/congress-members/photos/N00029736.jpg,"607,609","34,420","35,661"
N00029835,Martin Heinrich,New Mexico,null,Senate,https://cdn1.opensecrets.org/congress-members/photos/N00029835.jpg,"8,175,327","1,311,780","1,066,314"
N00029891,Gerry Connolly,Virginia,11,House,https://cdn1.opensecrets.org/congress-members/photos/N00029891.jpg,"828,215","23,728","116,499"
N00030026,Blaine Luetkemeyer,Missouri,3,House,https://cdn1.opensecrets.org/congress-members/photos/N00030026.jpg,"837,681","337,165","5,913"
N00030071,Kurt Schrader,Oregon,5,House,https://cdn1.opensecrets.org/congress-members/photos/N00030071.jpg,"736,453","17,500","15,478"
N00030184,Cedric Richmond,Louisiana,2,House,https://cdn1.opensecrets.org/congress-members/photos/N00030184.jpg,"554,096","31,050","1,492"
N00030191,Dina Titus,Nevada,1,House,https://cdn1.opensecrets.org/congress-members/photos/N00030191.jpg,"301,508","2,000","15,276"
N00030196,Paul Tonko,New York,20,House,https://cdn1.opensecrets.org/congress-members/photos/N00030196.jpg,"605,713","8,500","56,704"
N00030245,Bill Cassidy,Louisiana,null,Senate,https://cdn1.opensecrets.org/congress-members/photos/N00030245.jpg,"6,758,512","1,709,939","176,185"
N00030490,Marcia L Fudge,Ohio,11,House,https://cdn1.opensecrets.org/congress-members/photos/N00030490.jpg,"265,292",0,"14,970"
N00030581,Mike Quigley,Illinois,5,House,https://cdn1.opensecrets.org/congress-members/photos/N00030581.jpg,"498,481","7,500","9,577"
N00030600,Judy Chu,California,27,House,https://cdn1.opensecrets.org/congress-members/photos/N00030600.jpg,"475,643","46,000","17,160"
N00030602,Roger Williams,Texas,25,House,https://cdn1.opensecrets.org/congress-members/photos/N00030602.jpg,"875,791","28,760","4,952"
N00030608,Michael Bennet,Colorado,null,Senate,https://cdn1.opensecrets.org/congress-members/photos/N00030608.jpg,"5,604,575","1,699,339","1,674,590"
N00030612,Marco Rubio,Florida,null,Senate,https://cdn1.opensecrets.org/congress-members/photos/N00030612.jpg,"19,946,289","2,638,079","4,468,834"
N00030622,Terri A Sewell,Alabama,7,House,https://cdn1.opensecrets.org/congress-members/photos/N00030622.jpg,"831,795","17,500","6,145"
N00030642,Al Lawson,Florida,5,House,https://cdn1.opensecrets.org/congress-members/photos/N00030642.jpg,"217,273","7,300","2,238"
N00030650,Frederica Wilson,Florida,24,House,https://cdn1.opensecrets.org/congress-members/photos/N00030650.jpg,"169,155",0,85
N00030667,Adam Kinzinger,Illinois,16,House,https://cdn1.opensecrets.org/congress-members/photos/N00030667.jpg,"947,825","59,109","42,534"
N00030670,Todd Young,Indiana,null,Senate,https://cdn1.opensecrets.org/congress-members/photos/N00030670.jpg,"11,893,863","839,024","582,448"
N00030673,Bill Huizenga,Michigan,2,House,https://cdn1.opensecrets.org/congress-members/photos/N00030673.jpg,"806,987",0,"15,951"
N00030676,Billy Long,Missouri,7,House,https://cdn1.opensecrets.org/congress-members/photos/N00030676.jpg,"592,887","23,055","3,870"
N00030693,Suzan DelBene,Washington,1,House,https://cdn1.opensecrets.org/congress-members/photos/N00030693.jpg,"748,364","27,871","59,076"
N00030709,Mark Desaulnier,California,11,House,https://cdn1.opensecrets.org/congress-members/photos/N00030709.jpg,"224,688",0,"15,261"
N00030717,Ami Bera,California,7,House,https://cdn1.opensecrets.org/congress-members/photos/N00030717.jpg,"698,139","19,000","49,660"
N00030752,Jeff Duncan,South Carolina,3,House,https://cdn1.opensecrets.org/congress-members/photos/N00030752.jpg,"519,880","6,000","113,850"
N00030768,Martha Roby,Alabama,2,House,https://cdn1.opensecrets.org/congress-members/photos/N00030768.jpg,"147,649","86,500","1,900"
N00030770,Rick Crawford,Arkansas,1,House,https://cdn1.opensecrets.org/congress-members/photos/N00030770.jpg,"380,591","59,056","21,649"
N00030771,Paul Gosar,Arizona,4,House,https://cdn1.opensecrets.org/congress-members/photos/N00030771.jpg,"194,665","10,000","36,534"
N00030780,Cory Gardner,Colorado,null,Senate,https://cdn1.opensecrets.org/congress-members/photos/N00030780.jpg,"8,976,480","2,740,589","585,163"
N00030788,Tom Graves,Georgia,14,House,https://cdn1.opensecrets.org/congress-members/photos/N00030788.jpg,"695,809","99,714",374
N00030815,Chuck Fleischmann,Tennessee,3,House,https://cdn1.opensecrets.org/congress-members/photos/N00030815.jpg,"554,896","1,300",600
N00030829,Ken Buck,Colorado,4,House,https://cdn1.opensecrets.org/congress-members/photos/N00030829.jpg,"120,687",0,"1,264"
N00030836,Rand Paul,Kentucky,null,Senate,https://cdn1.opensecrets.org/congress-members/photos/N00030836.jpg,"5,999,196","3,290,807","977,073"
N00030856,John Garamendi,California,3,House,https://cdn1.opensecrets.org/congress-members/photos/N00030856.jpg,"380,067","7,500","20,794"
N00030875,Ann Kuster,New Hampshire,2,House,https://cdn1.opensecrets.org/congress-members/photos/N00030875.jpg,"1,166,285","19,050","91,846"
N00030910,Mo Brooks,Alabama,5,House,https://cdn1.opensecrets.org/congress-members/photos/N00030910.jpg,"238,108",539,"3,449"
N00030949,Tom Reed,New York,23,House,https://cdn1.opensecrets.org/congress-members/photos/N00030949.jpg,"1,260,323","64,797","18,943"
N00030957,Scott Desjarlais,Tennessee,4,House,https://cdn1.opensecrets.org/congress-members/photos/N00030957.jpg,"161,713",0,289
N00031005,Vicky Hartzler,Missouri,4,House,https://cdn1.opensecrets.org/congress-members/photos/N00031005.jpg,"551,247","41,500","81,190"
N00031128,Bob Gibbs,Ohio,7,House,https://cdn1.opensecrets.org/congress-members/photos/N00031128.jpg,"369,094","10,000","11,540"
N00031129,James Lankford,Oklahoma,null,Senate,https://cdn1.opensecrets.org/congress-members/photos/N00031129.jpg,"3,894,524","687,633","257,384"
N00031177,Mark Amodei,Nevada,2,House,https://cdn1.opensecrets.org/congress-members/photos/N00031177.jpg,"285,309",0,"3,160"
N00031226,Jackie Walorski,Indiana,2,House,https://cdn1.opensecrets.org/congress-members/photos/N00031226.jpg,"803,780","99,808","4,438"
N00031227,Larry Bucshon,Indiana,8,House,https://cdn1.opensecrets.org/congress-members/photos/N00031227.jpg,"354,110","15,000","11,710"
N00031233,Andy Barr,Kentucky,6,House,https://cdn1.opensecrets.org/congress-members/photos/N00031233.jpg,"1,391,603","177,916","26,201"
N00031317,Ted Deutch,Florida,22,House,https://cdn1.opensecrets.org/congress-members/photos/N00031317.jpg,"488,396","22,500","15,983"
N00031390,Jim Hagedorn,Minnesota,1,House,https://cdn1.opensecrets.org/congress-members/photos/N00031390.jpg,"709,136",0,"29,986"
N00031417,Will Hurd,Texas,23,House,https://cdn1.opensecrets.org/congress-members/photos/N00031417.jpg,"1,079,807","43,270","79,855"
N00031545,Bill Flores,Texas,17,House,https://cdn1.opensecrets.org/congress-members/photos/N00031545.jpg,"375,378","11,500","5,295"
N00031557,Dennis Heck,Washington,10,House,https://cdn1.opensecrets.org/congress-members/photos/N00031557.jpg,"410,891","34,500","3,366"
N00031559,Jaime Herrera Beutler,Washington,3,House,https://cdn1.opensecrets.org/congress-members/photos/N00031559.jpg,"1,114,807","95,000","218,563"
N00031647,Mike Kelly,Pennsylvania,16,House,https://cdn1.opensecrets.org/congress-members/photos/N00031647.jpg,"1,034,809","66,500","15,010"
N00031681,David McKinley,West Virginia,1,House,https://cdn1.opensecrets.org/congress-members/photos/N00031681.jpg,"326,187","30,000",760
N00031685,Richard Blumenthal,Connecticut,null,Senate,https://cdn1.opensecrets.org/congress-members/photos/N00031685.jpg,"8,401,744","1,367,869","878,477"
N00031688,John Hoeven,North Dakota,null,Senate,https://cdn1.opensecrets.org/congress-members/photos/N00031688.jpg,"3,565,642","828,611","113,859"
N00031696,Mike Lee,Utah,null,Senate,https://cdn1.opensecrets.org/congress-members/photos/N00031696.jpg,"4,767,825","655,370","507,009"
N00031782,Tim Scott,South Carolina,null,Senate,https://cdn1.opensecrets.org/congress-members/photos/N00031782.jpg,"8,194,998","1,960,261","144,069"
N00031820,Chris Coons,Delaware,null,Senate,https://cdn1.opensecrets.org/congress-members/photos/N00031820.jpg,"3,424,665","1,812,603","119,232"
N00031857,Steve Womack,Arkansas,3,House,https://cdn1.opensecrets.org/congress-members/photos/N00031857.jpg,"424,446","52,105","25,200"
N00031877,Karen Bass,California,37,House,https://cdn1.opensecrets.org/congress-members/photos/N00031877.jpg,"914,385","48,390","6,834"
N00031933,Bill Keating,Massachusetts,9,House,https://cdn1.opensecrets.org/congress-members/photos/N00031933.jpg,"249,409",0,"22,803"
N00031938,Justin Amash,Michigan,3,House,https://cdn1.opensecrets.org/congress-members/photos/N00031938.jpg,"444,124",0,"136,077"
N00031958,Steven Palazzo,Mississippi,4,House,https://cdn1.opensecrets.org/congress-members/photos/N00031958.jpg,"293,020","15,000","1,270"
N00032019,David Cicilline,Rhode Island,1,House,https://cdn1.opensecrets.org/congress-members/photos/N00032019.jpg,"637,715","90,043","26,396"
N00032029,Morgan Griffith,Virginia,9,House,https://cdn1.opensecrets.org/congress-members/photos/N00032029.jpg,"272,781","7,500","13,813"
N00032088,Bill Johnson,Ohio,6,House,https://cdn1.opensecrets.org/congress-members/photos/N00032088.jpg,"722,702","28,500","12,997"
N00032243,Jody Hice,Georgia,10,House,https://cdn1.opensecrets.org/congress-members/photos/N00032243.jpg,"236,614",0,"15,216"
N00032416,Rob Woodall,Georgia,7,House,https://cdn1.opensecrets.org/congress-members/photos/N00032416.jpg,"6,994","2,940",0
N00032457,Austin Scott,Georgia,8,House,https://cdn1.opensecrets.org/congress-members/photos/N00032457.jpg,"376,450","7,500","4,900"
N00032546,Ron Johnson,Wisconsin,null,Senate,https://cdn1.opensecrets.org/congress-members/photos/N00032546.jpg,"17,812,532","704,734","2,554,898"
N00032838,Joe Manchin,West Virginia,null,Senate,https://cdn1.opensecrets.org/congress-members/photos/N00032838.jpg,"9,060,157","1,255,897","363,875"
N00033030,Jared Huffman,California,2,House,https://cdn1.opensecrets.org/congress-members/photos/N00033030.jpg,"341,379","11,000","27,001"
N00033054,Steven Daines,Montana,null,Senate,https://cdn1.opensecrets.org/congress-members/photos/N00033054.jpg,"5,266,132","1,341,106","447,841"
N00033101,Brad Schneider,Illinois,10,House,https://cdn1.opensecrets.org/congress-members/photos/N00033101.jpg,"1,483,215","93,528","146,884"
N00033106,Ann L Wagner,Missouri,2,House,https://cdn1.opensecrets.org/congress-members/photos/N00033106.jpg,"1,599,350","141,800","7,858"
N00033177,Tim Kaine,Virginia,null,Senate,https://cdn1.opensecrets.org/congress-members/photos/N00033177.jpg,"20,962,731","3,521,744","2,906,973"
N00033220,Ted Yoho,Florida,3,House,https://cdn1.opensecrets.org/congress-members/photos/N00033220.jpg,"73,161",0,589
N00033240,Raja Krishnamoorthi,Illinois,8,House,https://cdn1.opensecrets.org/congress-members/photos/N00033240.jpg,"2,618,031","280,106","75,441"
N00033274,Alan Lowenthal,California,47,House,https://cdn1.opensecrets.org/congress-members/photos/N00033274.jpg,"273,675",0,"10,536"
N00033281,Tulsi Gabbard,Hawaii,2,House,https://cdn1.opensecrets.org/congress-members/photos/N00033281.jpg,"9,003,179",0,"4,215,904"
N00033310,Brad Wenstrup,Ohio,2,House,https://cdn1.opensecrets.org/congress-members/photos/N00033310.jpg,"634,402","29,358","58,612"
N00033316,Joaquin Castro,Texas,20,House,https://cdn1.opensecrets.org/congress-members/photos/N00033316.jpg,"168,697",0,"52,724"
N00033363,Tom Cotton,Arkansas,null,Senate,https://cdn1.opensecrets.org/congress-members/photos/N00033363.jpg,"6,861,479",0,"1,034,976"
N00033373,Tony Cardenas,California,29,House,https://cdn1.opensecrets.org/congress-members/photos/N00033373.jpg,"410,616","64,500","8,585"
N00033390,Cheri Bustos,Illinois,17,House,https://cdn1.opensecrets.org/congress-members/photos/N00033390.jpg,"1,475,798","372,350","156,553"
N00033395,Dan Kildee,Michigan,5,House,https://cdn1.opensecrets.org/congress-members/photos/N00033395.jpg,"697,827","14,000","33,288"
N00033399,George Holding,North Carolina,2,House,https://cdn1.opensecrets.org/congress-members/photos/N00033399.jpg,"880,478","80,550","10,076"
N00033410,Markwayne Mullin,Oklahoma,2,House,https://cdn1.opensecrets.org/congress-members/photos/N00033410.jpg,"555,244","68,694","2,055"
N00033443,Deb Fischer,Nebraska,null,Senate,https://cdn1.opensecrets.org/congress-members/photos/N00033443.jpg,"6,193,289","1,260,515","279,997"
N00033449,Val Demings,Florida,10,House,https://cdn1.opensecrets.org/congress-members/photos/N00033449.jpg,"253,607",0,"13,107"
N00033474,Suzanne Bonamici,Oregon,1,House,https://cdn1.opensecrets.org/congress-members/photos/N00033474.jpg,"390,468",0,"30,912"
N00033492,Elizabeth Warren,Massachusetts,null,Senate,https://cdn1.opensecrets.org/congress-members/photos/N00033492.jpg,"60,049,475",0,"31,931,805"
N00033495,Susan Brooks,Indiana,5,House,https://cdn1.opensecrets.org/congress-members/photos/N00033495.jpg,"188,520","32,924","2,102"
N00033508,Eric Swalwell,California,15,House,https://cdn1.opensecrets.org/congress-members/photos/N00033508.jpg,"1,303,697","55,352","52,104"
N00033510,Raul Ruiz,California,36,House,https://cdn1.opensecrets.org/congress-members/photos/N00033510.jpg,"824,360","36,000","95,546"
N00033518,Doug Collins,Georgia,9,House,https://cdn1.opensecrets.org/congress-members/photos/N00033518.jpg,"862,651","66,500","110,673"
N00033527,David Rouzer,North Carolina,7,House,https://cdn1.opensecrets.org/congress-members/photos/N00033527.jpg,"685,477","17,300","5,976"
N00033539,Randy Weber,Texas,14,House,https://cdn1.opensecrets.org/congress-members/photos/N00033539.jpg,"318,013","15,000","7,243"
N00033549,Mark Pocan,Wisconsin,2,House,https://cdn1.opensecrets.org/congress-members/photos/N00033549.jpg,"393,358","12,974","80,431"
N00033591,Scott Peters,California,52,House,https://cdn1.opensecrets.org/congress-members/photos/N00033591.jpg,"773,259","18,500","38,950"
N00033630,Richard Hudson,North Carolina,8,House,https://cdn1.opensecrets.org/congress-members/photos/N00033630.jpg,"1,087,290","159,256","19,766"
N00033631,Mark R Meadows,North Carolina,11,House,https://cdn1.opensecrets.org/congress-members/photos/N00033631.jpg,"848,310","3,634,770","428,683"
N00033638,Steven Horsford,Nevada,4,House,https://cdn1.opensecrets.org/congress-members/photos/N00033638.jpg,"1,085,584","7,500","35,216"
N00033640,Hakeem Jeffries,New York,8,House,https://cdn1.opensecrets.org/congress-members/photos/N00033640.jpg,"2,037,490","135,800","35,462"
N00033720,Richard W Allen,Georgia,12,House,https://cdn1.opensecrets.org/congress-members/photos/N00033720.jpg,"460,507",0,"32,247"
N00033814,Alex Mooney,West Virginia,2,House,https://cdn1.opensecrets.org/congress-members/photos/N00033814.jpg,"761,690","41,374","29,379"
N00033832,Tom Rice,South Carolina,7,House,https://cdn1.opensecrets.org/congress-members/photos/N00033832.jpg,"794,108","13,750","1,625"
N00033839,Marc Veasey,Texas,33,House,https://cdn1.opensecrets.org/congress-members/photos/N00033839.jpg,"615,643","17,514","3,633"
N00033904,Joyce Beatty,Ohio,3,House,https://cdn1.opensecrets.org/congress-members/photos/N00033904.jpg,"692,182","24,990","15,738"
N00033932,Chris Stewart,Utah,2,House,https://cdn1.opensecrets.org/congress-members/photos/N00033932.jpg,"344,805","24,700","8,869"
N00033982,Martha McSally,Arizona,,Senate,https://cdn1.opensecrets.org/congress-members/photos/N00033982.jpg,"8,354,274","44,418","2,952,432"
N00033983,Kyrsten Sinema,Arizona,null,Senate,https://cdn1.opensecrets.org/congress-members/photos/N00033983.jpg,"23,627,199","472,450","5,767,049"
N00033987,Doug LaMalfa,California,1,House,https://cdn1.opensecrets.org/congress-members/photos/N00033987.jpg,"443,065","15,000","19,018"
N00033997,Pete Aguilar,California,31,House,https://cdn1.opensecrets.org/congress-members/photos/N00033997.jpg,"980,891","85,231","138,249"
N00034041,Thomas Massie,Kentucky,4,House,https://cdn1.opensecrets.org/congress-members/photos/N00034041.jpg,"120,028",175,"2,884"
N00034044,Joe III Kennedy,Massachusetts,4,House,https://cdn1.opensecrets.org/congress-members/photos/N00034044.jpg,"1,517,838","149,750","211,817"
N00034068,Brenda Lawrence,Michigan,14,House,https://cdn1.opensecrets.org/congress-members/photos/N00034068.jpg,"399,469",0,"23,683"
N00034120,Scott Perry,Pennsylvania,10,House,https://cdn1.opensecrets.org/congress-members/photos/N00034120.jpg,"613,726",0,"147,671"
N00034128,Matt Cartwright,Pennsylvania,8,House,https://cdn1.opensecrets.org/congress-members/photos/N00034128.jpg,"867,306",0,"23,630"
N00034224,Paul Cook,California,8,House,https://cdn1.opensecrets.org/congress-members/photos/N00034224.jpg,"333,489","5,000","6,138"
N00034254,Julia Brownley,California,26,House,https://cdn1.opensecrets.org/congress-members/photos/N00034254.jpg,"790,235",0,"76,179"
N00034277,Sean Patrick Maloney,New York,18,House,https://cdn1.opensecrets.org/congress-members/photos/N00034277.jpg,"819,649","7,532","99,865"
N00034349,Filemon Vela,Texas,34,House,https://cdn1.opensecrets.org/congress-members/photos/N00034349.jpg,"433,627","23,000","2,818"
N00034547,Grace Meng,New York,6,House,https://cdn1.opensecrets.org/congress-members/photos/N00034547.jpg,"375,911","62,078","12,756"
N00034549,Adriano Espaillat,New York,13,House,https://cdn1.opensecrets.org/congress-members/photos/N00034549.jpg,"622,920",0,"9,341"
N00034580,Angus King,Maine,null,Senate,https://cdn1.opensecrets.org/congress-members/photos/N00034580.jpg,"5,188,522","345,550","657,363"
N00034639,Donald M Jr Payne,New Jersey,10,House,https://cdn1.opensecrets.org/congress-members/photos/N00034639.jpg,"216,495","1,800","4,348"
N00034784,Rodney Davis,Illinois,13,House,https://cdn1.opensecrets.org/congress-members/photos/N00034784.jpg,"1,504,629","34,000","95,211"
N00035000,Stacey Plaskett,Virgin Islands,0,Senate,https://cdn1.opensecrets.org/congress-members/photos/N00035000.jpg,"127,151",0,561
N00035007,David P Joyce,Ohio,14,House,https://cdn1.opensecrets.org/congress-members/photos/N00035007.jpg,"1,236,849","7,500","30,807"
N00035187,Mike Rounds,South Dakota,null,Senate,https://cdn1.opensecrets.org/congress-members/photos/N00035187.jpg,"2,779,965","959,582","52,815"
N00035215,Robin Kelly,Illinois,2,House,https://cdn1.opensecrets.org/congress-members/photos/N00035215.jpg,"647,114",0,"36,707"
N00035267,Cory Booker,New Jersey,null,Senate,https://cdn1.opensecrets.org/congress-members/photos/N00035267.jpg,"7,259,057","2,246,712","2,081,676"
N00035278,Katherine Clark,Massachusetts,5,House,https://cdn1.opensecrets.org/congress-members/photos/N00035278.jpg,"719,221","148,560","24,862"
N00035282,Jason Smith,Missouri,8,House,https://cdn1.opensecrets.org/congress-members/photos/N00035282.jpg,"719,419","47,558","13,200"
N00035307,Brendan Boyle,Pennsylvania,2,House,https://cdn1.opensecrets.org/congress-members/photos/N00035307.jpg,"616,015","6,000","2,304"
N00035311,Mark Walker,North Carolina,6,House,https://cdn1.opensecrets.org/congress-members/photos/N00035311.jpg,"359,666","38,440","14,116"
N00035346,Buddy Carter,Georgia,1,House,https://cdn1.opensecrets.org/congress-members/photos/N00035346.jpg,"934,905","78,000","44,806"
N00035380,Bradley Byrne,Alabama,1,House,https://cdn1.opensecrets.org/congress-members/photos/N00035380.jpg,"3,127,685","94,591","61,177"
N00035420,Mike Bost,Illinois,12,House,https://cdn1.opensecrets.org/congress-members/photos/N00035420.jpg,"847,891","23,981","38,737"
N00035431,Seth Moulton,Massachusetts,6,House,https://cdn1.opensecrets.org/congress-members/photos/N00035431.jpg,"658,013","210,489","17,269"
N00035440,Tom Emmer,Minnesota,6,House,https://cdn1.opensecrets.org/congress-members/photos/N00035440.jpg,"1,061,473","262,580","47,984"
N00035451,Alma Adams,North Carolina,12,House,https://cdn1.opensecrets.org/congress-members/photos/N00035451.jpg,"296,578",0,"14,759"
N00035483,Joni Ernst,Iowa,null,Senate,https://cdn1.opensecrets.org/congress-members/photos/N00035483.jpg,"6,511,900","3,101,326","842,545"
N00035492,Thom Tillis,North Carolina,null,Senate,https://cdn1.opensecrets.org/congress-members/photos/N00035492.jpg,"7,321,115","3,699,610","314,912"
N00035504,Liz Cheney,Wyoming,1,House,https://cdn1.opensecrets.org/congress-members/photos/N00035504.jpg,"1,414,142","352,599","86,174"
N00035516,David Perdue,Georgia,null,Senate,https://cdn1.opensecrets.org/congress-members/photos/N00035516.jpg,"8,791,344","2,372,073","193,493"
N00035523,Elise Stefanik,New York,21,House,https://cdn1.opensecrets.org/congress-members/photos/N00035523.jpg,"1,328,707","343,672","60,500"
N00035527,Bruce Westerman,Arkansas,4,House,https://cdn1.opensecrets.org/congress-members/photos/N00035527.jpg,"421,858","8,500","6,961"
N00035544,Ben Sasse,Nebraska,null,Senate,https://cdn1.opensecrets.org/congress-members/photos/N00035544.jpg,"3,972,394","1,334,305","149,748"
N00035691,Gary Palmer,Alabama,6,House,https://cdn1.opensecrets.org/congress-members/photos/N00035691.jpg,"403,263","15,706",325
N00035774,Dan Sullivan,Alaska,null,Senate,https://cdn1.opensecrets.org/congress-members/photos/N00035774.jpg,"4,438,425","1,313,964","46,803"
N00035792,French Hill,Arkansas,2,House,https://cdn1.opensecrets.org/congress-members/photos/N00035792.jpg,"957,083","56,500","13,027"
N00035825,Ted Lieu,California,33,House,https://cdn1.opensecrets.org/congress-members/photos/N00035825.jpg,"731,774","47,165","45,915"
N00035927,Kathleen Rice,New York,4,House,https://cdn1.opensecrets.org/congress-members/photos/N00035927.jpg,"323,285","57,596","23,003"
N00035934,John Katko,New York,24,House,https://cdn1.opensecrets.org/congress-members/photos/N00035934.jpg,"1,181,999","30,000","50,020"
N00035972,John Lee Ratcliffe,Texas,4,House,https://cdn1.opensecrets.org/congress-members/photos/N00035972.jpg,"268,251","7,010","2,480"
N00036018,Don Beyer,Virginia,8,House,https://cdn1.opensecrets.org/congress-members/photos/N00036018.jpg,"743,859","5,600","40,624"
N00036097,Ruben Gallego,Arizona,7,House,https://cdn1.opensecrets.org/congress-members/photos/N00036097.jpg,"782,908","38,184","94,532"
N00036107,Norma Torres,California,35,House,https://cdn1.opensecrets.org/congress-members/photos/N00036107.jpg,"252,052","5,000","5,826"
N00036135,Garret Graves,Louisiana,6,House,https://cdn1.opensecrets.org/congress-members/photos/N00036135.jpg,"616,782","12,600","3,430"
N00036149,Debbie Dingell,Michigan,12,House,https://cdn1.opensecrets.org/congress-members/photos/N00036149.jpg,"505,795","77,136","18,638"
N00036154,Don Norcross,New Jersey,1,House,https://cdn1.opensecrets.org/congress-members/photos/N00036154.jpg,"974,352","17,500","18,499"
N00036158,Bonnie Coleman,New Jersey,12,House,https://cdn1.opensecrets.org/congress-members/photos/N00036158.jpg,"214,567",0,"25,245"
N00036274,Paul Mitchell,Michigan,10,House,https://cdn1.opensecrets.org/congress-members/photos/N00036274.jpg,"215,100","88,400",450
N00036275,John Moolenaar,Michigan,4,House,https://cdn1.opensecrets.org/congress-members/photos/N00036275.jpg,"625,095","36,535","31,803"
N00036403,Dan Newhouse,Washington,4,House,https://cdn1.opensecrets.org/congress-members/photos/N00036403.jpg,"379,018","2,500","25,328"
N00036409,Glenn S Grothman,Wisconsin,6,House,https://cdn1.opensecrets.org/congress-members/photos/N00036409.jpg,"500,250",0,"72,144"
N00036633,Ralph Abraham,Louisiana,5,House,https://cdn1.opensecrets.org/congress-members/photos/N00036633.jpg,"18,415","17,586","1,100"
N00036915,Kamala Harris,California,null,Senate,https://cdn1.opensecrets.org/congress-members/photos/N00036915.jpg,"22,796,614","2,677,298","8,040,019"
N00036944,Josh Gottheimer,New Jersey,5,House,https://cdn1.opensecrets.org/congress-members/photos/N00036944.jpg,"2,506,013","359,700","51,779"
N00036999,Anthony Brown,Maryland,4,House,https://cdn1.opensecrets.org/congress-members/photos/N00036999.jpg,"600,908","15,100","5,749"
N00037003,Trent Kelly,Mississippi,1,House,https://cdn1.opensecrets.org/congress-members/photos/N00037003.jpg,"267,449",0,"15,892"
N00037015,Salud Carbajal,California,24,House,https://cdn1.opensecrets.org/congress-members/photos/N00037015.jpg,"975,120","163,718","38,127"
N00037031,Darin LaHood,Illinois,18,House,https://cdn1.opensecrets.org/congress-members/photos/N00037031.jpg,"1,178,653","64,014","81,274"
N00037034,Roger Marshall,Kansas,1,House,https://cdn1.opensecrets.org/congress-members/photos/N00037034.jpg,"1,492,228","158,259","17,041"
N00037036,Jamie Raskin,Maryland,8,House,https://cdn1.opensecrets.org/congress-members/photos/N00037036.jpg,"819,354","488,846","101,541"
N00037039,Angie Craig,Minnesota,2,House,https://cdn1.opensecrets.org/congress-members/photos/N00037039.jpg,"1,404,410",0,"165,805"
N00037049,Donald John Bacon,Nebraska,2,House,https://cdn1.opensecrets.org/congress-members/photos/N00037049.jpg,"1,058,432","122,505","61,818"
N00037161,Catherine Cortez Masto,Nevada,null,Senate,https://cdn1.opensecrets.org/congress-members/photos/N00037161.jpg,"22,403,831","1,179,256","7,705,296"
N00037247,Susie Lee,Nevada,3,House,https://cdn1.opensecrets.org/congress-members/photos/N00037247.jpg,"1,387,047",0,"50,801"
N00037260,Lou Correa,California,46,House,https://cdn1.opensecrets.org/congress-members/photos/N00037260.jpg,"434,798","37,168","8,527"
N00037269,Brian Mast,Florida,18,House,https://cdn1.opensecrets.org/congress-members/photos/N00037269.jpg,"1,432,769","155,833","541,411"
N00037422,Darren Soto,Florida,9,House,https://cdn1.opensecrets.org/congress-members/photos/N00037422.jpg,"346,979","13,000","3,655"
N00037442,Neal Dunn,Florida,2,House,https://cdn1.opensecrets.org/congress-members/photos/N00037442.jpg,"181,950","43,600",850
N00037515,Tom O'Halleran,Arizona,1,House,https://cdn1.opensecrets.org/congress-members/photos/N00037515.jpg,"854,447","42,505","53,030"
N00037615,Jenniffer Gonzalez,Puerto Rico,0,Senate,https://cdn1.opensecrets.org/congress-members/photos/N00037615.jpg,"100,400","113,124",0
N00038260,James Comer,Kentucky,1,House,https://cdn1.opensecrets.org/congress-members/photos/N00038260.jpg,"269,742","99,300","4,792"
N00038285,Jodey Arrington,Texas,19,House,https://cdn1.opensecrets.org/congress-members/photos/N00038285.jpg,"965,292","16,000","8,310"
N00038397,Maggie Hassan,New Hampshire,null,Senate,https://cdn1.opensecrets.org/congress-members/photos/N00038397.jpg,"20,673,141","761,398","6,451,649"
N00038414,Lisa Blunt Rochester,Delaware,1,House,https://cdn1.opensecrets.org/congress-members/photos/N00038414.jpg,"542,946","29,500","24,659"
N00038429,Trey Hollingsworth,Indiana,9,House,https://cdn1.opensecrets.org/congress-members/photos/N00038429.jpg,"567,201","1,000","5,911"
N00038450,Dwight Evans,Pennsylvania,3,House,https://cdn1.opensecrets.org/congress-members/photos/N00038450.jpg,"366,630","24,063","22,985"
N00038601,Jimmy Panetta,California,20,House,https://cdn1.opensecrets.org/congress-members/photos/N00038601.jpg,"750,211","15,000","29,000"
N00038734,Jacky Rosen,Nevada,null,Senate,https://cdn1.opensecrets.org/congress-members/photos/N00038734.jpg,"26,466,133","237,474","8,539,998"
N00038742,Tom Suozzi,New York,3,House,https://cdn1.opensecrets.org/congress-members/photos/N00038742.jpg,"1,109,656","97,000","24,677"
N00038767,Warren Davidson,Ohio,8,House,https://cdn1.opensecrets.org/congress-members/photos/N00038767.jpg,"348,620","5,855","25,357"
N00038779,Brian Fitzpatrick,Pennsylvania,1,House,https://cdn1.opensecrets.org/congress-members/photos/N00038779.jpg,"1,327,199","262,321","27,331"
N00038781,Lloyd Smucker,Pennsylvania,11,House,https://cdn1.opensecrets.org/congress-members/photos/N00038781.jpg,"441,191","118,630","4,094"
N00038809,Vicente Gonzalez,Texas,15,House,https://cdn1.opensecrets.org/congress-members/photos/N00038809.jpg,"125,983","42,000","4,495"
N00038858,Pramila Jayapal,Washington,7,House,https://cdn1.opensecrets.org/congress-members/photos/N00038858.jpg,"1,078,339","464,693","238,219"
N00039090,Drew Ferguson,Georgia,3,House,https://cdn1.opensecrets.org/congress-members/photos/N00039090.jpg,"954,700","134,900","26,349"
N00039106,Mike Johnson,Louisiana,4,House,https://cdn1.opensecrets.org/congress-members/photos/N00039106.jpg,"481,813","335,086","29,700"
N00039122,David Trone,Maryland,6,House,https://cdn1.opensecrets.org/congress-members/photos/N00039122.jpg,"750,097",0,"3,224"
N00039293,Andy Biggs,Arizona,5,House,https://cdn1.opensecrets.org/congress-members/photos/N00039293.jpg,"355,804","12,500","44,834"
N00039327,Donald McEachin,Virginia,4,House,https://cdn1.opensecrets.org/congress-members/photos/N00039327.jpg,"298,101",0,"12,862"
N00039330,Mike Gallagher,Wisconsin,8,House,https://cdn1.opensecrets.org/congress-members/photos/N00039330.jpg,"1,382,321","180,635","26,106"
N00039503,Matt Gaetz,Florida,1,House,https://cdn1.opensecrets.org/congress-members/photos/N00039503.jpg,"518,562","4,000","299,036"
N00039533,John Bergman,Michigan,1,House,https://cdn1.opensecrets.org/congress-members/photos/N00039533.jpg,"627,609","112,164","26,539"
N00039551,Ted Budd,North Carolina,13,House,https://cdn1.opensecrets.org/congress-members/photos/N00039551.jpg,"900,929","44,131","77,760"
N00039777,John Rutherford,Florida,4,House,https://cdn1.opensecrets.org/congress-members/photos/N00039777.jpg,"228,900","16,050",300
N00039953,Clay Higgins,Louisiana,3,House,https://cdn1.opensecrets.org/congress-members/photos/N00039953.jpg,"267,604","40,000","9,062"
N00040007,Francis Rooney,Florida,19,House,https://cdn1.opensecrets.org/congress-members/photos/N00040007.jpg,"4,642","316,679",760
N00040133,Stephanie Murphy,Florida,7,House,https://cdn1.opensecrets.org/congress-members/photos/N00040133.jpg,"1,020,441","150,000","26,628"
N00040559,Dusty Johnson,South Dakota,1,House,https://cdn1.opensecrets.org/congress-members/photos/N00040559.jpg,"589,029",2,"21,259"
N00040597,Jimmy Gomez,California,34,House,https://cdn1.opensecrets.org/congress-members/photos/N00040597.jpg,"489,347","22,000","5,368"
N00040666,Harley Rouda,California,48,House,https://cdn1.opensecrets.org/congress-members/photos/N00040666.jpg,"1,634,851","2,500","146,555"
N00040667,Mike Levin,California,49,House,https://cdn1.opensecrets.org/congress-members/photos/N00040667.jpg,"1,451,915","32,000","175,559"
N00040712,Ron Estes,Kansas,4,House,https://cdn1.opensecrets.org/congress-members/photos/N00040712.jpg,"851,249","21,776","15,866"
N00040733,Greg Gianforte,Montana,1,House,https://cdn1.opensecrets.org/congress-members/photos/N00040733.jpg,"332,818",0,"17,860"
N00040741,Antonio Delgado,New York,19,House,https://cdn1.opensecrets.org/congress-members/photos/N00040741.jpg,"2,047,287",0,"216,395"
N00040829,Kevin Hern,Oklahoma,1,House,https://cdn1.opensecrets.org/congress-members/photos/N00040829.jpg,"462,338",0,"9,535"
N00040853,Josh Harder,California,10,House,https://cdn1.opensecrets.org/congress-members/photos/N00040853.jpg,"2,370,536","5,000","220,402"
N00040865,Katie Porter,California,45,House,https://cdn1.opensecrets.org/congress-members/photos/N00040865.jpg,"2,441,674",0,"642,865"
N00040876,Jason Crow,Colorado,6,House,https://cdn1.opensecrets.org/congress-members/photos/N00040876.jpg,"1,344,011",0,"76,142"
N00040888,Abby Finkenauer,Iowa,1,House,https://cdn1.opensecrets.org/congress-members/photos/N00040888.jpg,"1,283,869",0,"112,266"
N00040915,Haley Stevens,Michigan,11,House,https://cdn1.opensecrets.org/congress-members/photos/N00040915.jpg,"1,906,085",0,"164,172"
N00040933,Debra Haaland,New Mexico,1,House,https://cdn1.opensecrets.org/congress-members/photos/N00040933.jpg,"610,729","20,000","60,194"
N00040949,Chrissy Houlahan,Pennsylvania,6,House,https://cdn1.opensecrets.org/congress-members/photos/N00040949.jpg,"1,228,158",0,"84,509"
N00040989,Colin Allred,Texas,32,House,https://cdn1.opensecrets.org/congress-members/photos/N00040989.jpg,"1,674,892",0,"84,069"
N00041002,Jennifer Wexton,Virginia,10,House,https://cdn1.opensecrets.org/congress-members/photos/N00041002.jpg,"1,379,785",0,"122,887"
N00041080,Joseph Neguse,Colorado,2,House,https://cdn1.opensecrets.org/congress-members/photos/N00041080.jpg,"577,807","2,000","29,642"
N00041104,Cindy Axne,Iowa,3,House,https://cdn1.opensecrets.org/congress-members/photos/N00041104.jpg,"1,463,889",0,"162,485"
N00041134,Dean Phillips,Minnesota,3,House,https://cdn1.opensecrets.org/congress-members/photos/N00041134.jpg,"581,200",0,"78,999"
N00041154,Mikie Sherrill,New Jersey,11,House,https://cdn1.opensecrets.org/congress-members/photos/N00041154.jpg,"1,841,106","6,000","190,437"
N00041162,Alexandria Ocasio-Cortez,New York,14,House,https://cdn1.opensecrets.org/congress-members/photos/N00041162.jpg,"3,354,731","5,141","2,740,940"
N00041194,Lizzie Fletcher,Texas,7,House,https://cdn1.opensecrets.org/congress-members/photos/N00041194.jpg,"1,720,107",0,"85,043"
N00041221,John Curtis,Utah,3,House,https://cdn1.opensecrets.org/congress-members/photos/N00041221.jpg,"254,603","5,000","1,003"
N00041335,Russ Fulcher,Idaho,1,House,https://cdn1.opensecrets.org/congress-members/photos/N00041335.jpg,"162,937",0,"3,587"
N00041338,Sean Casten,Illinois,6,House,https://cdn1.opensecrets.org/congress-members/photos/N00041338.jpg,"1,736,860",0,"282,732"
N00041357,Elissa Slotkin,Michigan,8,House,https://cdn1.opensecrets.org/congress-members/photos/N00041357.jpg,"1,999,967",0,"217,282"
N00041370,Andy Kim,New Jersey,3,House,https://cdn1.opensecrets.org/congress-members/photos/N00041370.jpg,"1,700,706",0,"223,386"
N00041385,Anthony Brindisi,New York,22,House,https://cdn1.opensecrets.org/congress-members/photos/N00041385.jpg,"1,333,960",0,"155,210"
N00041394,Kendra Horn,Oklahoma,5,House,https://cdn1.opensecrets.org/congress-members/photos/N00041394.jpg,"1,477,040",0,"188,937"
N00041400,Joe Cunningham,South Carolina,1,House,https://cdn1.opensecrets.org/congress-members/photos/N00041400.jpg,"1,770,816",0,"187,989"
N00041418,Abigail Spanberger,Virginia,7,House,https://cdn1.opensecrets.org/congress-members/photos/N00041418.jpg,"1,656,670",0,"243,932"
N00041464,Gil Cisneros,California,39,House,https://cdn1.opensecrets.org/congress-members/photos/N00041464.jpg,"926,227",0,"79,601"
N00041511,Pete Stauber,Minnesota,8,House,https://cdn1.opensecrets.org/congress-members/photos/N00041511.jpg,"867,388","9,150","64,259"
N00041542,Carol Miller,West Virginia,3,House,https://cdn1.opensecrets.org/congress-members/photos/N00041542.jpg,"275,764","32,500","2,020"
N00041561,Debbie Mucarsel-Powell,Florida,26,House,https://cdn1.opensecrets.org/congress-members/photos/N00041561.jpg,"1,556,309",0,"129,273"
N00041569,Lauren A Underwood,Illinois,14,House,https://cdn1.opensecrets.org/congress-members/photos/N00041569.jpg,"1,684,480","4,500","313,744"
N00041588,Max Rose,New York,11,House,https://cdn1.opensecrets.org/congress-members/photos/N00041588.jpg,"2,130,499",0,"103,808"
N00041594,Tim Burchett,Tennessee,2,House,https://cdn1.opensecrets.org/congress-members/photos/N00041594.jpg,"427,246","9,500","43,511"
N00041599,John Rose,Tennessee,6,House,https://cdn1.opensecrets.org/congress-members/photos/N00041599.jpg,"476,960","22,220","3,365"
N00041606,Kim Schrier,Washington,8,House,https://cdn1.opensecrets.org/congress-members/photos/N00041606.jpg,"1,541,352",0,"175,426"
N00041620,Josh Hawley,Missouri,null,Senate,https://cdn1.opensecrets.org/congress-members/photos/N00041620.jpg,"12,372,541","121,000","1,620,640"
N00041668,Jared Golden,Maine,2,House,https://cdn1.opensecrets.org/congress-members/photos/N00041668.jpg,"906,738",0,"157,409"
N00041690,Anthony Gonzalez,Ohio,16,House,https://cdn1.opensecrets.org/congress-members/photos/N00041690.jpg,"910,155","14,970","19,791"
N00041702,Veronica Escobar,Texas,16,House,https://cdn1.opensecrets.org/congress-members/photos/N00041702.jpg,"345,528","2,700","15,834"
N00041731,Mike Braun,Indiana,null,Senate,https://cdn1.opensecrets.org/congress-members/photos/N00041731.jpg,"18,655,048","41,288","1,027,000"
N00041750,Greg Stanton,Arizona,9,House,https://cdn1.opensecrets.org/congress-members/photos/N00041750.jpg,"599,515",0,"44,031"
N00041808,Lori Trahan,Massachusetts,3,House,https://cdn1.opensecrets.org/congress-members/photos/N00041808.jpg,"1,121,474",0,"31,029"
N00041843,Tom Malinowski,New Jersey,7,House,https://cdn1.opensecrets.org/congress-members/photos/N00041843.jpg,"1,720,429",0,"148,415"
N00041870,Conor Lamb,Pennsylvania,17,House,https://cdn1.opensecrets.org/congress-members/photos/N00041870.jpg,"740,581","22,500","109,188"
N00041871,Guy Reschenthaler,Pennsylvania,14,House,https://cdn1.opensecrets.org/congress-members/photos/N00041871.jpg,"521,783","7,800","99,365"
N00041873,Mark Green,Tennessee,7,House,https://cdn1.opensecrets.org/congress-members/photos/N00041873.jpg,"396,430","16,700","40,725"
N00041882,Michael Cloud,Texas,27,House,https://cdn1.opensecrets.org/congress-members/photos/N00041882.jpg,"406,572",0,"36,341"
N00041954,Jim Baird,Indiana,4,House,https://cdn1.opensecrets.org/congress-members/photos/N00041954.jpg,"123,629",0,"2,172"
N00041956,Greg Pence,Indiana,6,House,https://cdn1.opensecrets.org/congress-members/photos/N00041956.jpg,"885,697","39,179","425,616"
N00041997,Susan Wild,Pennsylvania,7,House,https://cdn1.opensecrets.org/congress-members/photos/N00041997.jpg,"909,235",0,"118,579"
N00042013,Ben McAdams,Utah,4,House,https://cdn1.opensecrets.org/congress-members/photos/N00042013.jpg,"1,338,791",0,"65,428"
N00042056,Debbie Lesko,Arizona,8,House,https://cdn1.opensecrets.org/congress-members/photos/N00042056.jpg,"477,553","22,500","51,050"
N00042114,Jesus Garcia,Illinois,4,House,https://cdn1.opensecrets.org/congress-members/photos/N00042114.jpg,"313,238",0,"23,266"
N00042126,Steve Watkins,Kansas,2,House,https://cdn1.opensecrets.org/congress-members/photos/N00042126.jpg,"613,308",0,"12,246"
N00042149,Andy Levin,Michigan,9,House,https://cdn1.opensecrets.org/congress-members/photos/N00042149.jpg,"310,436",0,"24,103"
N00042161,Chris Pappas,New Hampshire,1,House,https://cdn1.opensecrets.org/congress-members/photos/N00042161.jpg,"854,110",0,"77,500"
N00042194,Troy Balderson,Ohio,12,House,https://cdn1.opensecrets.org/congress-members/photos/N00042194.jpg,"770,513","5,000","22,123"
N00042224,Dan Crenshaw,Texas,2,House,https://cdn1.opensecrets.org/congress-members/photos/N00042224.jpg,"2,722,631","57,788","807,304"
N00042237,Lance Gooden,Texas,5,House,https://cdn1.opensecrets.org/congress-members/photos/N00042237.jpg,"732,960","20,400","2,360"
N00042240,Ron Wright,Texas,6,House,https://cdn1.opensecrets.org/congress-members/photos/N00042240.jpg,"276,933",0,"4,800"
N00042268,Chip Roy,Texas,21,House,https://cdn1.opensecrets.org/congress-members/photos/N00042268.jpg,"1,227,967","1,000","234,450"
N00042282,Sylvia Garcia,Texas,29,House,https://cdn1.opensecrets.org/congress-members/photos/N00042282.jpg,"254,799",0,"7,634"
N00042296,Ben Cline,Virginia,6,House,https://cdn1.opensecrets.org/congress-members/photos/N00042296.jpg,"301,547",0,"20,347"
N00042353,Tina Smith,Minnesota,null,Senate,https://cdn1.opensecrets.org/congress-members/photos/N00042353.jpg,"3,911,969","78,895","943,753"
N00042403,Michael Waltz,Florida,6,House,https://cdn1.opensecrets.org/congress-members/photos/N00042403.jpg,"583,141","56,383","11,550"
N00042458,Michael Patrick Guest,Mississippi,3,House,https://cdn1.opensecrets.org/congress-members/photos/N00042458.jpg,"285,986",0,"3,886"
N00042467,Xochitl Torres Small,New Mexico,2,House,https://cdn1.opensecrets.org/congress-members/photos/N00042467.jpg,"1,660,920",0,"189,255"
N00042581,Ayanna Pressley,Massachusetts,7,House,https://cdn1.opensecrets.org/congress-members/photos/N00042581.jpg,"773,409","12,797","300,383"
N00042619,Michael San Nicolas,Guam,0,Senate,https://cdn1.opensecrets.org/congress-members/photos/N00042619.jpg,"13,527",0,"7,775"
N00042626,Sharice Davids,Kansas,3,House,https://cdn1.opensecrets.org/congress-members/photos/N00042626.jpg,"1,554,604",0,"228,813"
N00042649,Rashida Tlaib,Michigan,13,House,https://cdn1.opensecrets.org/congress-members/photos/N00042649.jpg,"1,332,571",0,"502,152"
N00042706,Mary Gay Scanlon,Pennsylvania,5,House,https://cdn1.opensecrets.org/congress-members/photos/N00042706.jpg,"423,314",0,"59,841"
N00042715,William Timmons,South Carolina,4,House,https://cdn1.opensecrets.org/congress-members/photos/N00042715.jpg,"579,657","15,804",300
N00042811,Donna Shalala,Florida,27,House,https://cdn1.opensecrets.org/congress-members/photos/N00042811.jpg,"946,535","30,000","19,519"
N00042813,Lucy McBath,Georgia,6,House,https://cdn1.opensecrets.org/congress-members/photos/N00042813.jpg,"1,671,873",100,"448,060"
N00042868,Kelly Armstrong,North Dakota,1,House,https://cdn1.opensecrets.org/congress-members/photos/N00042868.jpg,"321,083","11,900","3,385"
N00042894,Madeleine Dean,Pennsylvania,4,House,https://cdn1.opensecrets.org/congress-members/photos/N00042894.jpg,"341,337",0,"30,255"
N00043242,John Joyce,Pennsylvania,13,House,https://cdn1.opensecrets.org/congress-members/photos/N00043242.jpg,"375,218","12,525","6,269"
N00043290,Rick Scott,Florida,null,Senate,https://cdn1.opensecrets.org/congress-members/photos/N00043290.jpg,"85,687,701","162,994","2,712,212"
N00043298,Cindy Hyde-Smith,Mississippi,null,Senate,https://cdn1.opensecrets.org/congress-members/photos/N00043298.jpg,"966,993","42,943","46,005"
N00043319,Ross Spano,Florida,15,House,https://cdn1.opensecrets.org/congress-members/photos/N00043319.jpg,"384,091",0,"3,872"
N00043379,Bryan Steil,Wisconsin,1,House,https://cdn1.opensecrets.org/congress-members/photos/N00043379.jpg,"1,271,951","13,000","61,108"
N00043421,Jahana Hayes,Connecticut,5,House,https://cdn1.opensecrets.org/congress-members/photos/N00043421.jpg,"661,174",0,"105,201"
N00043541,Denver Riggleman,Virginia,5,House,https://cdn1.opensecrets.org/congress-members/photos/N00043541.jpg,"793,960","16,623","46,469"
N00043581,Ilhan Omar,Minnesota,5,House,https://cdn1.opensecrets.org/congress-members/photos/N00043581.jpg,"2,532,603",100,"1,545,301"
N00044027,Greg Murphy,North Carolina,3,House,https://cdn1.opensecrets.org/congress-members/photos/N00044027.jpg,"1,057,920",0,"73,436"
N00044065,Fred Keller,Pennsylvania,12,House,https://cdn1.opensecrets.org/congress-members/photos/N00044065.jpg,"782,778","13,676","89,027"
N00044335,Dan Bishop,North Carolina,9,House,https://cdn1.opensecrets.org/congress-members/photos/N00044335.jpg,"2,885,012",0,"655,047"
